{
  "source_language": "swahili",
  "target_language": "english",
  "meta": "",
  "train": [
    [
      "atanipenda",
      "(He/She) will like me."
    ],
    [
      "atampenda",
      "(He/She) will like (him/her)."
    ],
    [
      "atatupenda",
      "(He/She) will like us."
    ],
    [
      "atawapenda",
      "(He/She) will like them."
    ],
    [
      "atakupenda",
      "(He/She) will like you."
    ],
    [
      "nitakupenda",
      "I will like you."
    ],
    [
      "nitampenda",
      "I will like (him/her)."
    ],
    [
      "nitawapenda",
      "I will like them."
    ],
    [
      "utanipenda",
      "you will like me."
    ],
    [
      "utampenda",
      "you will like (him/her)."
    ],
    [
      "tutampenda",
      "we will like (him/her)."
    ],
    [
      "watampenda",
      "they will like (him/her)."
    ],
    [
      "atanipiga",
      "(He/She) will beat me."
    ],
    [
      "ananipiga",
      "(He/She) is beating me."
    ],
    [
      "ananipiga",
      "(He/She) beat me."
    ],
    [
      "atakupiga",
      "(He/She) will beat you ."
    ],
    [
      "anakupiga",
      "(He/She) is beating you."
    ],
    [
      "alikupiga",
      "(He/She) beat you."
    ],
    [
      "atampiga",
      "(He/She) will beat (him/her)."
    ],
    [
      "anampiga",
      "(He/She) is beating (him/her)."
    ],
    [
      "alimpiga",
      "(He/She) beat (him/her)."
    ],
    [
      "alimpiga",
      "(He/She) beat (him/her)."
    ],
    [
      "atakusumbua",
      "(He/She) will annoy you."
    ],
    [
      "unamsumbua",
      "you are annoying (him/her)."
    ],
    [
      "unamsumbua",
      "you are annoying (him/her)."
    ]
  ],
  "test": [
    [
      "mimi",
      "I",
      "<"
    ],
    [
      "yeye",
      "(he/she)",
      "<"
    ],
    [
      "sisi",
      "we",
      "<"
    ],
    [
      "wao",
      "they",
      "<"
    ],
    [
      "mimi",
      "me",
      "<"
    ],
    [
      "yeye",
      "(him/her)",
      "<"
    ],
    [
      "sisi",
      "us",
      "<"
    ],
    [
      "wao",
      "them",
      "<"
    ],
    [
      "penda",
      "to like",
      "<"
    ],
    [
      "piga",
      "to beat",
      "<"
    ],
    [
      "sumbua",
      "to annoy",
      "<"
    ],
    [
      "walikupenda",
      "???",
      ">"
    ],
    [
      "utawapiga",
      "utawasumbua",
      ">"
    ],
    [
      "tulimsumbua",
      "Wali(m)penda",
      ">"
    ],
    [
      "Sisi tulimsumbua",
      "We beat them.",
      "<"
    ],
    [
      "Wewe unanisumbua",
      "You are annoying me.",
      "<"
    ],
    [
      "Wao walimpenda",
      "They liked (him/her).",
      "<"
    ]
  ]
}