{
  "source_language": "georgian",
  "target_language": "english",
  "meta": "",
  "train": [
    [
      "კარს ვაღებ.",
      "I am opening the door."
    ],
    [
      "სახლს აშენებ.",
      "You.SG are building a house."
    ],
    [
      "ედუარდ წერილს იღებს.",
      "Eduard is receiving a letter."
    ],
    [
      "ფარდულს ვაშენებთ.",
      "We are building a barn."
    ],
    [
      "საჩუქარს აღებთ.",
      "You.PL are opening a gift."
    ],
    [
      "ანდრია და მისი დედა პაკეტს იღებენ.",
      "Andria and his mother are receiving a package."
    ],
    [
      "ხაჭაპური გავაკეთე.",
      "I have made khachapuri."
    ],
    [
      "კარი შეაკეთე.",
      "You.SG have repaired the door."
    ],
    [
      "ანდრიამ პოემა დაწერა.",
      "Andria has written a poem."
    ],
    [
      "ლევან და მე აკტომობილი შევაკეთეთ.",
      "Levan and I have repaired the car."
    ],
    [
      "სადილი გააკეთეთ.",
      "You.PL have made dinner."
    ],
    [
      "ედუარდ და ეკატერინემ წერილი დაწერეს.",
      "Eduard and Ekaterine have written a letter."
    ]
  ],
  "test": [
    [
      "წერილს აღებენ",
      "They take the letter.",
      ">"
    ],
    [
      "კომპუტერი შეაკეთეთ.",
      "They made a computer.",
      ">"
    ],
    [
      "ადამ მუზეუმს აშენებს",
      "Adam builds a museum.",
      ">"
    ],
    [
      "ისტორია დავწერეთ.",
      "We wrote history.",
      ">"
    ],
    [
      "შე are opening a barn.",
      "You.SG are opening a barn.",
      "<"
    ],
    [
      "მე have repaired the car.",
      "I have repaired the car.",
      "<"
    ],
    [
      "ჩვენ are receiving dinner.",
      "We are receiving dinner.",
      "<"
    ],
    [
      "ისინ have made a gift.",
      "They have made a gift.",
      "<"
    ]
  ]
}