{
  "source_language": "hungarian",
  "target_language": "english",
  "meta": "á, é, í, ó, ő, ű are long vowels and a, e, i, o, u, ö, ü are short. The first syllable is always stressed.",
  "train": [
    [
      "Festem őket.",
      "You see them."
    ],
    [
      "Dobunk titeket.",
      "I correct him."
    ],
    [
      "Rajzollak titeket.",
      "You hinder us."
    ],
    [
      "Érti őt.",
      "They’re calling you."
    ],
    [
      "Zavartok minket.",
      "He pushes him."
    ],
    [
      "Festitek őt.",
      "I’m waiting for them."
    ],
    [
      "Visztek engem.",
      "We are leaving you."
    ],
    [
      "Nevelünk téged.",
      "We are saving him."
    ],
    [
      "Küldik őt.",
      "I am drawing them."
    ],
    [
      "Javítom őt.",
      "You are taking me away."
    ],
    [
      "Hívnak téged.",
      "You are asking him."
    ],
    [
      "Látjátok őket.",
      "We are educating you."
    ],
    [
      "Hallgatunk engem.",
      "You are thanking us."
    ],
    [
      "Kéritek őt.",
      "We are tying you."
    ],
    [
      "Kötünk téged.",
      "He understands him"
    ],
    [
      "Várlak téged.",
      "You are drawing him"
    ],
    [
      "Ismerek minket.",
      "They are hitting you"
    ]
  ],
  "test": [
    [
      "Ők várnak rám.",
      "They are waiting for me.",
      "<"
    ],
    [
      "Én hallgatlak téged.",
      "I am listening to you.",
      "<"
    ],
    [
      "Ti ismeritek őt.",
      "You.PL know him.",
      "<"
    ],
    [
      "Ők hívnak titeket.",
      "They ask you.PL.",
      "<"
    ],
    [
      "Én javítom minket.",
      "I correct us.",
      "<"
    ],
    [
      "Mi festitek titeket.",
      "We paint you.PL.",
      "<"
    ],
    [
      "Ti támadjátok őt.",
      "You.PL attack him.",
      "<"
    ],
    [
      "Ő elviszi őket.",
      "He leaves them.",
      "<"
    ]
  ]
}