{
  "source_language": "yoruba",
  "target_language": "english",
  "meta": "",
  "train": [
    [
      "érin diń lóguń",
      "sixteen"
    ],
    [
      "étà diń lógbòn",
      "twenty seven"
    ],
    [
      "logójí ólé étà",
      "forty three"
    ],
    [
      "kon diń ọgóòrun",
      "ninety nine"
    ],
    [
      "árùń diń logójí",
      "thirty five"
    ],
    [
      "ọgóòrun ólé árrùń",
      "one hundred and five"
    ],
    [
      "goóòta ólé ejí",
      "sixty two"
    ],
    [
      "lóguń ólé kon",
      "twenty one"
    ],
    [
      "érin diń òrìn",
      "seventy six"
    ]
  ],
  "test": [
    [
      "lógbòn diń étà",
      "seventeen",
      "<"
    ],
    [
      "diń àárùn diń",
      "thirty four",
      "<"
    ],
    [
      "ólé ààrùn diń",
      "fifty eight",
      "<"
    ],
    [
      "ọgóòrun ólé étà",
      "one hundred and one",
      "<"
    ]
  ]
}