{
  "source_language": "quechua",
  "target_language": "english",
  "meta": "",
  "train": [
    [
      "Imapaqmi Apu Tayta Nyak'ariyta kamarqanki",
      "For what, God, Did you create my suffering?"
    ],
    [
      "Manataqchu yacharqanki Imaynas kawka kayta",
      "Did you never know What happiness is?"
    ],
    [
      "Puku pukuq qesanpichus Mamallayri wachawarqa",
      "Maybe in the nest of the pukus My dear mother gave birth to me."
    ],
    [
      "Kule kuleq thapanpichus Taytallayri churyawarqa",
      "Maybe in the cradle of the kules My dear father engendered me"
    ],
    [
      "Puku unya hina Chiri wayra muchunaypaq",
      "Like the poor puku I endure the cold winds"
    ],
    [
      "Kule unya kaqlla Nyak'arispa waqanaypaq",
      "Or the poor kule I cry as I suffer"
    ],
    [
      "Wikunyachus mamay karqa Tarukachus taytay karqa",
      "Perhaps my mother was a vicunya; Perhaps my father was a deer;"
    ],
    [
      "Kunan kuna waqanaypaq Urqun qasan purinaypaq",
      "And for these reasons I cry wandering through the highlands."
    ]
  ],
  "test": [
    ["kawka", "poor", "<"],
    ["mama", "mother", "<"],
    ["nyak'ari", "suffer", "<"],
    ["urqu", "deer", "<"],
    ["Apu Tayta", "Father God", ">"]
  ]
}
