{
  "source_language": "old english",
  "target_language": "english",
  "meta": "The letter þ is pronounced like the ‘th’ in thin; the letter æ is pronounced like the ‘a’ in cat.",
  "train": [
    [
      "wit lufodon þæt mægden",
      "we two loved the girl"
    ],
    [
      "þæt cild unc lufode",
      "the child loved us two"
    ],
    [
      "ge lufodon þone cyning",
      "you all loved the king"
    ],
    [
      "se cyning inc lufode",
      "the king loved you two"
    ],
    [
      "þæt mægden we lufodon",
      "we all loved the girl"
    ],
    [
      "we inc lufodon",
      "we all loved you two"
    ],
    [
      "wit eow lufodon",
      "we two loved you all"
    ],
    [
      "se æþeling unc lufode",
      "the prince loved us two"
    ]
  ],
  "test": [
    [
      "se cyning eow lufode",
      "the king loved you all",
      ">"
    ],
    [
      "ge lufodon þæt mægden",
      "you all loved the girl",
      ">"
    ],
    [
      "wit inc lufodon",
      "we loved you two",
      ">"
    ],
    [
      "sē æþeling lufode þone cild",
      "the prince loved the child",
      "<"
    ],
    [
      "þæt cild lufode sē æþeling",
      "the child loved the prince",
      "<"
    ],
    [
      "wē ealle lufodon þone cild",
      "we all loved the child",
      "<"
    ],
    [
      "sē cild lufode inc",
      "the child loved you two",
      "<"
    ]
  ]
}