{
  "source_language": "abkhaz",
  "target_language": "english",
  "meta": "hw, ʃw, p’, chW, kw, ʃ, k’w, ʒw, k’, c’, tɕʼ, x, and ʁ are consonants. ә is a vowel.",
  "train": [
    [
      "Anchᵂa apәrahʷa aʃʷup’.",
      "The god is wearing the apron."
    ],
    [
      "Anchᵂa ajkʷa rәʃop.",
      "The mothers are wearing the trousers."
    ],
    [
      "Aeʃ axәlpa aʃʷup’.",
      "The squirrel is wearing the hat."
    ],
    [
      "Axәlpa bʃʷup’.",
      "You.SG are wearing the hat."
    ],
    [
      "Ajmsәkᵂa ʃʷәʃop’.",
      "You.PL are wearing the felt boots."
    ],
    [
      "An ak’ʷәmʒʷә lʃʷup’.",
      "The mother is wearing the cherkeska"
    ],
    [
      "Ajmaakᵂa haʃop’.",
      "We are wearing the shoes."
    ],
    [
      "Ak’asә sʃʷup’.",
      "I am wearing the shawl."
    ],
    [
      "Atahᵂmadachᵂa ac’atɕʼkᵂa rʃʷup’.",
      "The old men are wearing the coats."
    ],
    [
      "Abachᵂa ak’ʷәmʒʷәkᵂa rʃʷup’.",
      "The sons are wearing the cherkeskas."
    ],
    [
      "Adzʁab ajmsәkᵂa lәʃop’.",
      "The girl is wearing the felt boots."
    ],
    [
      "Ab ajkʷa aʃop’.",
      "The billy-goat is wearing the trousers."
    ],
    [
      "Atahᵂmada apәrahʷa iʃʷup’.",
      "The old man is wearing the apron."
    ],
    [
      "Abkᵂa ak’ʷәmʒʷәkᵂa rʃʷup’.",
      "The billy-goats are wearing the cherkeskas."
    ],
    [
      "Aeʃkᵂa ak’asәkᵂa rʃʷup’.",
      "The squirrels are wearing the shawls."
    ]
  ],
  "test": [
    [
      "Adzʁabchᵂa ajmaakᵂa rәʃop’",
      "The girl is wearing trousers.",
      ">"
    ],
    [
      "Aba ajkʷa iʃop’.",
      "The sons wear aprons.",
      ">"
    ],
    [
      "Ak’asәkᵂa ʃʷʃʷup’.",
      "I am wearing a hat.",
      ">"
    ],
    [
      "bʃʷup’ are wearing the cherkeska.",
      "You.SG are wearing the cherkeska.",
      "<"
    ],
    [
      "The nanny-goat is wearing the shawl.",
      "The nanny-goat is wearing the shawl.",
      "<"
    ],
    [
      "The gods are wearing the felt boots.",
      "The gods are wearing the felt boots.",
      "<"
    ]
  ]
}