{
  "source_language": "warlpiri",
  "target_language": "english",
  "meta": "",
  "train": [
    [
      "Nganangkungku pakarnu?",
      "Who hit you?"
    ],
    [
      "Kulaju nganangku pakarnu.",
      "Nobody hit me."
    ],
    [
      "Ngananpa nyangu?",
      "Who did you see?"
    ],
    [
      "Kularna ngana nyangu.",
      "I didn't see anyone."
    ],
    [
      "Ngana wantija watiyangurlu?",
      "Who fell from the tree?"
    ],
    [
      "Nganamayi wantija.",
      "I don't know who fell."
    ],
    [
      "Kula ngana wantija.",
      "No one fell."
    ],
    [
      "Nyiyarlunpaju pakarnu?",
      "What did you hit me with?"
    ],
    [
      "Kularnangku nyiyarlu pakarnu.",
      "I didn't hit you with anything."
    ],
    [
      "Kularna ngana pakarnu.",
      "I didn't hit anyone"
    ],
    [
      "Nyarrparakurra yanu?",
      "Where did he go to?"
    ],
    [
      "Nyarrpararlanpa nyangu?",
      "Where did you see him?"
    ]
  ],
  "test": [
    [
      "Nyarrparakurramayi yanu.",
      "He went nowhere.",
      ">"
    ],
    [
      "Nganangkumayingki with pakarnu.",
      "He didn't go anywhere",
      "<"
    ],
    [
      "Did he go from anywhere?",
      "Who hit me?",
      "<"
    ],
    [
      "Nganangkumayingki pakarnu.",
      "Did you see anything?",
      ">"
    ],
    [
      "Nyarrpararlanpa nyangu?",
      "Where did he go?",
      ">"
    ],
    [
      "Nyiyanpa nyangu?",
      "<unk>",
      ">"
    ],
    [
      "<unk>",
      "I didn't see anything.",
      "<"
    ],
    [
      "Nyarrparangurlunpa yanu?",
      "<unk>",
      ">"
    ],
    [
      "<unk>",
      "I didn't go from anywhere.",
      "<"
    ],
    [
      "<unk>",
      "I don't know what he hit me with.",
      "<"
    ]
  ]
}