{
  "source_language": "lamjung yolmo",
  "target_language": "english",
  "meta": " The characters ʈ and ɖ represent sounds like ‘t’ or ‘d’ but with the tongue-tip curled back.",
  "train": [
    [
      "ngà ngàki ádzi nyímu lú lènke",
      "I sing a song with my sister"
    ],
    [
      "mò mòki kéeki lú lènke",
      "she sings a song with her voice"
    ],
    [
      "ngà ʈángaki kwèla nyòke",
      "I buy clothes with money"
    ],
    [
      "ngà ngàki áma nyímu kwèla nyòke",
      "I buy clothes with my mother"
    ],
    [
      "ngà ngàki kángbaki ɖòke",
      "I walk with my legs"
    ],
    [
      "ngà ngàki khí nyímu ɖòke",
      "I walk with my dog"
    ],
    [
      "ngà ngàki làkpaki tó sake",
      "I eat rice with my hand"
    ]
  ],
  "test": [
    [
      "ngà",
      "translate \"ngà\" into english.",
      ">"
    ],
    [
      "áma",
      "translate \"áma\" into english.",
      ">"
    ],
    [
      "ɖòke",
      "translate \"ɖòke\" into english.",
      ">"
    ],
    [
      "kwèla nyòke",
      "translate \"kwèla nyòke\" into english.",
      ">"
    ],
    [
      "ngàki kéeki",
      "translate \"ngàki kéeki\" into english.",
      ">"
    ],
    [
      "translate \"I eat rice with my sister.\" into lamjung yolmo.",
      "I eat rice with my sister.",
      "<"
    ],
    [
      "translate \"I buy clothes with my dog.\" into lamjung yolmo. ",
      "I buy clothes with my dog.",
      "<"
    ]
  ]
}