{
  "source_language": "nahuatl",
  "target_language": "english",
  "meta": "ch, hu, ku, tl, tz, uh are consonants. The mark  ̄ denotes vowel length.",
  "train": [
    [
      "nimitztlazohtla",
      "I love you"
    ],
    [
      "tikmaka in ¯amoxtli",
      "you give the book to him"
    ],
    [
      "nitlahtoa",
      "I say something"
    ],
    [
      "k¯atl¯ıtia in kuauhx¯ınki in pochtekatl",
      "(the merchant makes the carpenter drink/the carpenter makes the merchant drink)"
    ],
    [
      "titz¯ahtzi",
      "you shout"
    ],
    [
      "niki in ¯at¯olli",
      "I drink the atole"
    ],
    [
      "tiku¯ıka",
      "you sing"
    ],
    [
      "tin¯echtlak¯ahuilia",
      "you leave something for me"
    ],
    [
      "kochi in t¯ız¯ıtl",
      "the healer sleeps"
    ],
    [
      "niknekiltia in kuauhx¯ınki in ¯amoxtli",
      "I make the carpenter want the book"
    ],
    [
      "mitzt¯ehu¯ıtekilia",
      "(he beats you for somebody/he beats somebody for you)"
    ],
    [
      "k¯ehua in kikatl",
      "sings the song"
    ],
    [
      "niktlalhuia in zihu¯atl",
      "I say something to the woman"
    ],
    [
      "tikt¯ek¯ahualtia in oktli",
      "you make somebody leave the wine"
    ],
    [
      "¯atli",
      "he drinks"
    ],
    [
      "tlach¯ıhua in pochtekatl",
      "the merchant prepares something"
    ],
    [
      "t¯ehuetz¯ıtia in zihu¯atl",
      "the woman makes somebody fall"
    ]
  ],
  "test": [
    [
      "tiktlazohtlaltia in zihu¯atl in kuauhx¯ınki",
      "translate \"tiktlazohtlaltia in zihu¯atl in kuauhx¯ınki\" into english.",
      ">"
    ],
    [
      "n¯echtz¯ahtz¯ıtia",
      "he makes a book for the carpenter",
      ">"
    ],
    [
      "tikhu¯ıteki",
      "",
      ">"
    ],
    [
      "nik¯ehuilia in kikatl in t¯ız¯ıtl",
      "translate \"n¯echtz¯ahtz¯ıtia\" into english.",
      ">"
    ],
    [
      "nikneki in ¯at¯olli",
      "I shout",
      ">"
    ],
    [
      "mitztlak¯ahualtia",
      "",
      ">"
    ],
    [
      "translate \"tikhu¯ıteki\" into english.",
      "he makes me prepare the atole",
      "<"
    ],
    [
      "he wants",
      "you prepare the wine for somebody",
      "<"
    ],
    [
      "",
      "the healer makes you sleep",
      "<"
    ],
    [
      "translate \"nik¯ehuilia in kikatl in t¯ız¯ıtl\" into english.",
      "I sing something",
      "<"
    ],
    [
      "I beat the song for the healer",
      "I fall",
      "<"
    ]
  ]
}