{
  "source_language": "yidiny",
  "target_language": "english",
  "meta": "ɽ, ȷ, ŋ, ɲ are consonants.",
  "train": [
    [
      "guda:ga",
      "dog"
    ],
    [
      "buɲa",
      "woman"
    ],
    [
      "wagu:ȷa",
      "man"
    ],
    [
      "muyubara",
      "stranger"
    ],
    [
      "gaȷagimba:gu",
      "for a white man"
    ],
    [
      "bamagimbal",
      "without a person"
    ],
    [
      "bama:gu",
      "for a person"
    ],
    [
      "bimbi:bi",
      "another father"
    ],
    [
      "mularigu",
      "for an initiated man"
    ],
    [
      "mularini",
      "of an initiated man"
    ],
    [
      "buɲa:m",
      "from a woman"
    ],
    [
      "gudagabi",
      "another dog"
    ],
    [
      "gaȷagimba:m",
      "from a white man"
    ],
    [
      "biɲȷi:ngu",
      "for a hornet"
    ],
    [
      "bimbi:n",
      "of a father"
    ],
    [
      "muȷam",
      "mother"
    ],
    [
      "biɲȷi:nmu",
      "from a hornet"
    ],
    [
      "maȷu:rbi",
      "another frog"
    ],
    [
      "buɲagimbal",
      "without a woman"
    ],
    [
      "baȷigalni",
      "of a tortoise"
    ],
    [
      "ȷudu:lumuȷay",
      "with a pigeon"
    ],
    [
      "mugaɽumu",
      "from a fishing net"
    ],
    [
      "waŋa:lgu",
      "for a boomerang"
    ]
  ],
  "test": [
    [
      "bama:n",
      "for a person",
      ">"
    ],
    [
      "buɲa:bi",
      "from a woman",
      ">"
    ],
    [
      "maȷurmuȷay",
      "another frog",
      ">"
    ],
    [
      "muȷa:mni",
      "will eat",
      ">"
    ],
    [
      "gaȷagimbalni",
      "of a stranger",
      "<"
    ],
    [
      "waŋa:lgu",
      "for a fishing net",
      "<"
    ],
    [
      "muȷam",
      "father",
      "<"
    ],
    [
      "maȷu:rmu",
      "from a frog",
      "<"
    ],
    [
      "buɲagimbal",
      "without a man",
      "<"
    ],
    [
      "baȷigalni",
      "of a pigeon",
      "<"
    ],
    [
      "buɲagimbalgu",
      "tortoise",
      "<"
    ],
    [
      "<unk>",
      "without a boomerang",
      "<"
    ]
  ]
}