{
  "source_language": "bamanan-kan",
  "target_language": "english",
  "meta": "Bambara is a tonal language. The grave accent (`) on a vowel (e.g., à) indicates a low tone, so that ka and kà would be distinct words, each with its own meaning. The tonal system of Bambara is more complex than what is written here since the missing tonal information is not relevant to the problems you need to solve.",
  "train": [
    [
      "I ni ce. I ka kènè wa?",
      "Greetings. Are you well?"
    ],
    [
      "N'ba. Tòorò tè.",
      "OK. No problems."
    ],
    [
      "I bòra min?",
      "Where have you come from?"
    ],
    [
      "N' bòra so.",
      "I've come from home."
    ],
    [
      "Madu bè yan wa?",
      "Is Madu here?"
    ],
    [
      "Ayi, a tè yan. A bòra yan.",
      "No, he's not here. He's gone away from here."
    ],
    [
      "A taara min?",
      "Where has he gone?"
    ],
    [
      "A taara dugu kònò.",
      "He's gone to town."
    ],
    [
      "A bè segin kà na dumuni kè wa?",
      "Is he coming back to eat?"
    ],
    [
      "Ayi, a tè segin.",
      "He's not coming back."
    ],
    [
      "A ye dumuni kè kaban.",
      "He has eaten already."
    ],
    [
      "Mobili bè Madu fè wa?",
      "Has Madu got a car?"
    ],
    [
      "Ayi, mobili t'a fè.",
      "No, he doesn't have a car."
    ],
    [
      "Madu tè se kà mobili san.",
      "Madu can't buy a car."
    ],
    [
      "Wari tè Madu fè dè!",
      "Madu doesn't have any money!"
    ],
    [
      "I taara sugu kònò kunun wa?",
      "Did you go to market yesterday?"
    ],
    [
      "Owò. N'taara yen ni n'muso ye.",
      "Yes, I went there with my wife."
    ],
    [
      "Madu taara sugu kònò kunun.",
      "Madu went to market yesterday."
    ],
    [
      "I y'a ye sugula wa?",
      "Did you see him at the market?"
    ],
    [
      "Ayi, n'man Madu ye sugula kunun.",
      "No, I didn't see Madu at the market yesterday."
    ],
    [
      "N'ye Madu muso dòròn ye yen.",
      "I saw only Madu's wife there."
    ],
    [
      "I kòròke taara sugu kònò kunun wa?",
      "Did your brother go to market yesterday?"
    ],
    [
      "Ayi, a man taa sugu kònò. A bè Bamako.",
      "No he didn't go to market. He's in Bamako."
    ],
    [
      "A bè mun kè yen?",
      "What's he doing there?"
    ],
    [
      "A bè baara kè yen.",
      "He's working there."
    ],
    [
      "I ye mun san sugula kunun?",
      "What did you buy at the market yesterday?"
    ],
    [
      "N'ye dòlò san yen.",
      "I bought beer there."
    ],
    [
      "Akadiwa?",
      "Is it good?"
    ],
    [
      "Ayi, a man di. A ka kumun.",
      "No, it's not good. It's sour."
    ],
    [
      "I ye tamati san sugula wa?",
      "Did you buy vegetables at the market?"
    ],
    [
      "Ayi, n'man tamati san, n'ye jègè dòròn san yen.",
      "No, I didn't buy vegetables, I bought only fish there."
    ],
    [
      "Jègè ka di wa?",
      "Is the fish good?"
    ],
    [
      "Owò. A ka di kosobe.",
      "Yes. It's really good."
    ],
    [
      "N'bè bò yan sisan.",
      "I'm leaving here now."
    ],
    [
      "I bè taa min sisan?",
      "Where are you going now?"
    ],
    [
      "N'bè taa so.",
      "I'm going home."
    ],
    [
      "N'bè segin yen kà na dumuni kè.",
      "I'm going back there to eat."
    ],
    [
      "Kà tile hèrè caya!",
      "May the day pass in peace."
    ],
    [
      "Amiina.",
      "Amen."
    ]
  ],
  "test": [
    [
      "kònò",
      "market",
      "<"
    ],
    [
      "so",
      "home",
      "<"
    ],
    [
      "jègè",
      "fish",
      "<"
    ],
    [
      "dòlò",
      "beer",
      "<"
    ],
    [
      "Wari",
      "money",
      "<"
    ],
    [
      "san",
      "?? ",
      ">"
    ],
    [
      "taa",
      "taa",
      ">"
    ],
    [
      "segin",
      "segin",
      ">"
    ],
    [
      "di",
      "good",
      ">"
    ],
    [
      "kumun",
      "sour",
      ">"
    ],
    [
      "Ayi se mobilini fè?",
      "Did Madu buy a car?",
      "<"
    ],
    [
      "Bala kònò se buyu?",
      "What did Bala buy at the market?",
      "<"
    ],
    [
      "Musa Madu kònò sugula?",
      "Did Musa see Madu at the market?",
      "<"
    ],
    [
      "Madu fè Wari kè?",
      "Does Madu have any money?",
      "<"
    ],
    [
      "Bala dugu Madu bòra?",
      "Where is Musa's brother?",
      "<"
    ],
    [
      "Ayi Madu kumun yan Ayi",
      "(He/Musa) didn't see (Madu/him) there",
      "<"
    ],
    [
      "Madu Ayi no Wari",
      "(He/Madu) has no money",
      "<"
    ],
    [
      "Musa taara kònò sugu",
      "(Musa/He) went to (market/there) yesterday",
      "<"
    ],
    [
      "Ayi taara dugu ni muso",
      "No, (he/Musa) went to (market/there) with his wife",
      "<"
    ],
    [
      "Madu se dòlò dugu segin",
      "(Musa/He) bought beer (there/at the market)",
      "<"
    ]
  ]
}