{
  "source_language": "chamalal",
  "target_language": "english",
  "meta": "Bambara is a tonal language. The grave accent (`) on a vowel (e.g., à) indicates a low tone, so that ka and kà would be distinct words, each with its own meaning. The tonal system of Bambara is more complex than what is written here since the missing tonal information is not relevant to the problems you need to solve.",
  "train": [
    [
      "buk'uk'",
      "caught on fire several times"
    ],
    [
      "big'al",
      "stood something upright"
    ],
    [
      "buLuL",
      "run out several times"
    ],
    [
      "bah",
      "fell down"
    ],
    [
      "biẖiẖal",
      "made one happy several times"
    ],
    [
      "bal",
      "yelled"
    ],
    [
      "buk'al",
      "were starting fire"
    ],
    [
      "biẖ",
      "were happy"
    ],
    [
      "buLuLal",
      "run out of something several times"
    ],
    [
      "big'ig'al",
      "stood something upright several times"
    ],
    [
      "balal",
      "(yelled several times/made one yell)"
    ],
    [
      "buL",
      "were running out of something"
    ]
  ],
  "test": [
    [
      "buk'",
      "caught on fire several times",
      ">"
    ],
    [
      "big'",
      "stood something upright",
      ">"
    ],
    [
      "biẖiẖ",
      "made one happy several times",
      ">"
    ],
    [
      "?? ?? ?? ???",
      "was running out",
      "<"
    ],
    [
      "?? ?? ?? ???",
      "was setting on fire several times",
      "<"
    ],
    [
      "?? ?? ?? ???",
      "was falling several times",
      "<"
    ],
    [
      "?? ?? ?? ???",
      "was dropping something several times",
      "<"
    ]
  ]
}