{
  "source_language": "central cagayan agta",
  "target_language": "english",
  "meta": "",
  "train": [
    [
      "wer",
      "creek"
    ],
    [
      "balabahuy",
      "little pig"
    ],
    [
      "talobag",
      "beetle"
    ],
    [
      "bakbakat",
      "granny"
    ],
    [
      "palapirak",
      "little money"
    ],
    [
      "bahuy",
      "pig"
    ],
    [
      "bag",
      "loincloth"
    ],
    [
      "walawer",
      "little creek"
    ],
    [
      "balabag",
      "little loincloth"
    ],
    [
      "takki",
      "leg"
    ],
    [
      "labang",
      "patch"
    ]
  ],
  "test": [
    [
      "little leg: takkin",
      "little leg",
      "<"
    ],
    [
      "",
      "money",
      "<"
    ],
    [
      "money: palapirak",
      "little beetle",
      "<"
    ],
    [
      "",
      "little patch",
      "<"
    ]
  ]
}