{
  "source_language": "danish",
  "target_language": "english",
  "meta": "",
  "train": [
    [
      "fire",
      "four"
    ],
    [
      "toogtyve",
      "twenty two"
    ],
    [
      "ni",
      "nine"
    ],
    [
      "enogfirs",
      "eighty one"
    ],
    [
      "fem",
      "five"
    ],
    [
      "nioghalvfjerds",
      "seventy nine"
    ],
    [
      "seksogtres",
      "sixty six"
    ],
    [
      "syvoghalvtreds",
      "fifty seven"
    ],
    [
      "tre",
      "three"
    ]
  ],
  "test": [
    [
      "seks",
      "six",
      ">"
    ],
    [
      "nioghalvtreds",
      "seventy nine",
      ">"
    ],
    [
      "treogtyve",
      "twenty three",
      ">"
    ],
    [
      "femoghalvfems",
      "fifty five",
      ">"
    ],
    [
      "toogtres",
      "twenty three",
      ">"
    ],
    [
      "halvfjerds",
      "?? ",
      ">"
    ],
    [
      "syv",
      "seven",
      "<"
    ],
    [
      "firsyv",
      "fifty four",
      "<"
    ],
    [
      "enogtyve",
      "twenty one",
      "<"
    ],
    [
      "femogfirs",
      "eighty five",
      "<"
    ],
    [
      "niogenni",
      "ninety nine",
      "<"
    ]
  ]
}