{
  "source_language": "beja",
  "target_language": "english",
  "meta": "In the following examples, ’ stands for a glottal stop (the middle sound in the word “uh-oh”)",
  "train": [
    [
      "ilaga diwiini",
      "The male calf is sleeping."
    ],
    [
      "doobaab rhitni",
      "She sees a bridegroom."
    ],
    [
      "gwibu",
      "It is a mouse."
    ],
    [
      "oomeek kiike",
      "He is not the donkey."
    ],
    [
      "tuukaam b’ata",
      "The female camel lay down."
    ],
    [
      "iragad winu",
      "The leg is big."
    ],
    [
      "tilaga wint kitte",
      "The female calf is not big."
    ],
    [
      "uutak tim’ari tamya",
      "The man ate the food."
    ],
    [
      "yoob tidbil",
      "She collected an ox."
    ],
    [
      "oofaar rhita",
      "She saw the flower."
    ],
    [
      "tidooba kadiwta",
      "The bride is not sleeping."
    ],
    [
      "uumeek b’iini",
      "The donkey is lying down."
    ],
    [
      "uuyaas ookaam danbiil",
      "The dog is collecting the camel."
    ],
    [
      "hataay tamaabu",
      "He has eaten a horse."
    ],
    [
      "ooyoo diblaab kiike",
      "He has not collected the ox."
    ],
    [
      "kil’oob kiidbil",
      "He is not collecting a shell."
    ],
    [
      "m’ariit tamtiniit kitte",
      "She cannot eat food."
    ],
    [
      "ootak kanriifu",
      "He can meet the man."
    ],
    [
      "yam kitdibil",
      "She is not collecting water."
    ]
  ],
  "test": [
    [
      "uukaam ootak rhaabu.",
      "A camel is eating.",
      ">"
    ],
    [
      "faar katamya.",
      "The horse.",
      ">"
    ],
    [
      "hataay tamtiniitu.",
      "He has eaten a horse.",
      ">"
    ],
    [
      "uutak yam danbiilu.",
      "The man is collecting water.",
      ">"
    ],
    [
      "meek rhitniit kitte.",
      "She sees the bridegroom.",
      ">"
    ],
    [
      "The man meets the mouse.",
      "A man meets the mouse.",
      "<"
    ],
    [
      "The bridegroom is not eating.",
      "The bridegroom is not eating.",
      "<"
    ],
    [
      "The donkey has not eaten the flower.",
      "The donkey has not eaten the flower.",
      "<"
    ],
    [
      "The mouse is not big.",
      "The mouse is not big.",
      "<"
    ],
    [
      "The female dog cannot collect oxen.",
      "The female dog cannot collect oxen.",
      "<"
    ]
  ]
}