{
  "source_language": "swahili",
  "target_language": "english",
  "meta": "",
  "train": [
    [
      "Alikula",
      "(He/She) ate"
    ],
    [
      "Atacheza",
      "(He/She) will play"
    ],
    [
      "Mlifahamu",
      "You.PL understood"
    ],
    [
      "Mnapika",
      "You.PL cook"
    ],
    [
      "Nilicheza",
      "I played"
    ],
    [
      "Ninakula",
      "I eat"
    ],
    [
      "Ninapika",
      "I cook"
    ],
    [
      "Nitapika",
      "I will cook"
    ],
    [
      "Tulifahamu",
      "We understood"
    ],
    [
      "Unacheza",
      "You.SG play"
    ],
    [
      "Utapika",
      "You.SG will cook"
    ],
    [
      "Wanafahamu",
      "They understand"
    ],
    [
      "Watapika",
      "They will cook"
    ],
    [
      "Walicheza",
      "They played"
    ],
    [
      "Hakucheza",
      "(He/She) did not play"
    ],
    [
      "Hamkupika",
      "You.PL did not cook"
    ],
    [
      "Hamli",
      "You.PL do not eat"
    ],
    [
      "Hatacheza",
      "(He/She) will not play"
    ],
    [
      "Hatapika",
      "(He/She) will not cook"
    ],
    [
      "Hatukufahamu",
      "We did not understand"
    ],
    [
      "Hatupiki",
      "We do not cook"
    ],
    [
      "Hawachi",
      "They do not fear"
    ],
    [
      "Hawafahamu",
      "They do not understand"
    ],
    [
      "Huchezi",
      "You do not play"
    ],
    [
      "Sikucheza",
      "I did not play"
    ],
    [
      "Sili",
      "I do not eat"
    ],
    [
      "Sitakucha",
      "I will not fear"
    ],
    [
      "ninatembelea",
      "I visit"
    ],
    [
      "ninakufa",
      "I die"
    ]
  ],
  "test": [
    [
      "wewe unatembelea",
      "You.SG visit",
      "<"
    ],
    [
      "wewe hauvitembelei",
      "You.SG do not visit",
      "<"
    ],
    [
      "wewe hukutembelea",
      "You.SG did not visit",
      "<"
    ],
    [
      "wewe utatembelea",
      "You.SG will visit",
      "<"
    ],
    [
      "yeye anakufa",
      "(He/She) dies",
      "<"
    ],
    [
      "yeye hafi",
      "(He/She) does not die",
      "<"
    ],
    [
      "yeye alikufa",
      "(He/She) died",
      "<"
    ],
    [
      "yeye hatafa",
      "(He/She) will not die",
      "<"
    ]
  ]
}