{
  "source_language": "kiswahili",
  "target_language": "english",
  "meta": "",
  "train": [
    [
      "Atacheza",
      "He will play"
    ],
    [
      "Mlipika",
      "You.PL cooked"
    ],
    [
      "Nilicheza",
      "I played"
    ],
    [
      "Ninakula",
      "I eat"
    ],
    [
      "Tulifahamu",
      "We understood"
    ],
    [
      "Unacheza",
      "You play"
    ],
    [
      "Wanafahamu",
      "They understand"
    ],
    [
      "Hamkupika",
      "You.PL did not cook"
    ],
    [
      "Hatacheza",
      "He will not play"
    ],
    [
      "Hatukufahamu",
      "We did not understand"
    ],
    [
      "Hawafahamu",
      "They do not understand"
    ],
    [
      "Huchezi",
      "You do not play"
    ],
    [
      "Sikucheza",
      "I did not play"
    ],
    [
      "Sili",
      "I do not eat"
    ]
  ],
  "test": [
    [
      "Unacheza  ",
      "You visit",
      "<"
    ],
    [
      "Huchezi  ",
      "You do not visit",
      "<"
    ],
    [
      "Hukucheza  ",
      "You did not visit",
      "<"
    ],
    [
      "Utacheza  ",
      "You will visit",
      "<"
    ],
    [
      "Anakunywa  ",
      "(He/She) drinks",
      "<"
    ],
    [
      "Haunywi  ",
      "(He/She) does not drink",
      "<"
    ],
    [
      "Alikunywa  ",
      "(He/She) drank",
      "<"
    ],
    [
      "Hatanunywa",
      "(He/She) will not drink",
      "<"
    ]
  ]
}