{
  "source_language": "abui",
  "target_language": "english",
  "meta": "The marks ́ and ̀ denote tones.",
  "train": [
    [
      "abang",
      "your.SG shoulder"
    ],
    [
      "atáng heya",
      "(your.SG thumb/your.SG hand’s mother)"
    ],
    [
      "bataa hawata",
      "(upper part of a tree/tree’s neck)"
    ],
    [
      "dekafi",
      "one’s own rope"
    ],
    [
      "ebataa hatáng",
      "(your.SG branch/your.SG tree’s hand)"
    ],
    [
      "ekuda hawata",
      "your.SG horse’s neck"
    ],
    [
      "falepak hawei",
      "(trigger/pistol’s ear)"
    ],
    [
      "hatáng hamin",
      "(his fingertip/his hand’s nose)"
    ],
    [
      "helui",
      "his knife"
    ],
    [
      "maama hefalepak",
      "father’s pistol"
    ],
    [
      "napong",
      "my face"
    ],
    [
      "rièng",
      "your.PL eyes"
    ],
    [
      "ritama",
      "your.PL sea"
    ],
    [
      "riya hatáng",
      "your.PL mother’s hand"
    ],
    [
      "tama habang",
      "(seashore/sea’s shoulder)"
    ],
    [
      "tamin",
      "(our noses/the nose of each of us)"
    ],
    [
      "tefe hawei",
      "(our pigs’ ears/the ear of the pig of each of us)"
    ]
  ],
  "test": [
    [
      "amin",
      "my nose",
      ">"
    ],
    [
      "deya hebataa",
      "?? my branch",
      ">"
    ],
    [
      "tefe",
      "pig",
      "<"
    ],
    [
      "your.PL knife",
      "your.PL knife",
      "<"
    ],
    [
      "your.SG mother’s father",
      "your.SG mother’s father",
      "<"
    ],
    [
      "my father’s face",
      "my father’s face",
      "<"
    ],
    [
      "one’s own ear",
      "one’s own ear",
      "<"
    ],
    [
      "my sea",
      "my sea",
      "<"
    ]
  ]
}