{
  "source_language": "nen",
  "target_language": "english",
  "meta": "a and á are different sounds: a is a long ah sound as in ta for ‘thankyou’, á is a short version of it, like the a in pizza. e and è also represent distinct sounds: è is pronounced more like the a sound in bat while e is like e in egg",
  "train": [
    [
      "yánd nogiabta",
      "I work"
    ],
    [
      "bám nogiabte",
      "you.SG work"
    ],
    [
      "bè nogiabte",
      "(he/she) works"
    ],
    [
      "yánd nowabtan",
      "I talk"
    ],
    [
      "yánd nánangwtan",
      "I return"
    ],
    [
      "bám nánangwte",
      "you.SG return"
    ],
    [
      "bè nowabte",
      "(he/she) talks"
    ],
    [
      "yánd nogiabtam",
      "we.PL3 work"
    ],
    [
      "yánd nánangwtam",
      "we.PL3 return"
    ],
    [
      "bám nogiabtat",
      "you.PL3 work"
    ],
    [
      "bám nánangwtat",
      "you.PL2 return"
    ],
    [
      "bè nowabtat",
      "they.PL3 talk"
    ],
    [
      "bè nogiabtat",
      "they.PL3 work"
    ],
    [
      "yánd nogiabám",
      "we.PL2 work"
    ],
    [
      "bám nánangwát",
      "you.PL2 return"
    ],
    [
      "bè nowabát",
      "they.PL2 talk"
    ],
    [
      "bè nánangwát",
      "they.PL2 return"
    ],
    [
      "yánd nowabám",
      "we.PL2 talk"
    ],
    [
      "yánd neretan",
      "I listen"
    ]
  ],
  "test": [
    [
      "you.SG talk => bám nowab  ",
      "you.SG talk",
      "<"
    ],
    [
      "(he/she) returns => bè nánangwtan  ",
      "(he/she) returns",
      "<"
    ],
    [
      "they.PL3 return => bè nánangwtat  ",
      "they.PL3 return",
      "<"
    ],
    [
      "we.PL3 talk => yánd nowabtam  ",
      "we.PL3 talk",
      "<"
    ],
    [
      "you.PL2 work => bám nogiabtat  ",
      "you.PL2 work",
      "<"
    ],
    [
      "they.PL3 listen => bè neretan",
      "they.PL3 listen",
      "<"
    ]
  ]
}