{
  "source_language": "íslenska",
  "target_language": "english",
  "meta": "",
  "train": [
    [
      "Hin fagra lilja er gul.",
      "The beautiful lily is yellow."
    ],
    [
      "Fögur lilja er gul.",
      "A beautiful lily is yellow."
    ],
    [
      "Hin gula lilja er fögur",
      "The yellow lily is beautiful."
    ],
    [
      "Gul lilja er fögur.",
      "A yellow lily is beautiful."
    ],
    [
      "Liljan er fögur.",
      "The lily is beautiful."
    ],
    [
      "Hinn guli akur er fagur.",
      "The yellow field is beautiful."
    ],
    [
      "Akurinn er gulur.",
      "The field is yellow."
    ],
    [
      "Gulur akur er fagur.",
      "A yellow field is beautiful."
    ],
    [
      "Hinn fagri akur er gulur.",
      "The beautiful field is yellow."
    ],
    [
      "Hith fagra hreithur er gult.",
      "The beautiful nest is yellow."
    ],
    [
      "Fagurt hreithur er gult.",
      "A beautiful nest is yellow."
    ],
    [
      "Hreithrith er gult.",
      "The nest is yellow."
    ],
    [
      "Hith gula hreithur er fagurt.",
      "The yellow nest is beautiful."
    ],
    [
      "Nyrath er gult.",
      "The kidney is yellow"
    ],
    [
      "Hith fagra nyra er gult.",
      "The beautiful kidney is yellow"
    ],
    [
      "Hinn fagri hestur er gulur.",
      "The beautiful horse is yellow."
    ],
    [
      "Fagur hestur er gulur",
      "A beautiful horse is yellow."
    ],
    [
      "Lifrin er fögur",
      "The liver is beautiful."
    ],
    [
      "Gul lifur er fögur",
      "A yellow liver is beautiful."
    ]
  ],
  "test": [
    [
      "Hesturinn er fagur.",
      "The horse is beautiful.",
      "<"
    ],
    [
      "Fögurt hreithur er gulur.",
      "A yellow nest is beautiful",
      "<"
    ],
    [
      "Hin gula nyra er fögur.",
      "The yellow kidney is beautiful.",
      "<"
    ]
  ]
}