{
  "source_language": "lakhota",
  "target_language": "english",
  "meta": " š, č, h, y, w, ą are specific sounds of the Lakhota language.",
  "train": [
    [
      "lakhota ki wičhakte",
      "The Indian killed them."
    ],
    [
      "matho ki wakte",
      "I killed the bear."
    ],
    [
      "lakhota ki mačho",
      "The Indian called me."
    ],
    [
      "tuwa ničho he",
      "Who called you?"
    ],
    [
      "wičhaša ki tuwa kte",
      "The person killed someone."
    ],
    [
      "tuwa hi he",
      "Who came?"
    ],
    [
      "matho ki wičhačho",
      "He called the bears."
    ],
    [
      "yahi čha hi",
      "You came, and he came."
    ],
    [
      "matho ki hipi ną lakhota ki čhopi",
      "The bears came and called the Indian."
    ],
    [
      "yahi čha hokšila ki nikte",
      "You came, and the boy killed you."
    ],
    [
      "lakhota ki wačho ną hokšila ki wakte",
      "I called the Indian and killed the boy."
    ],
    [
      "hokšila ki wakte čha tuwa lakhota ki wičhačho",
      "I killed the boy, and someone called the Indians."
    ],
    [
      "lakhota ki hipi čha mayačho",
      "The Indians came, and you called me."
    ]
  ],
  "test": [
    [
      "lakhota ki hipi ną hokšila ki wakte, yahi čha matho hi.  ",
      "The Indians killed the boy, and the bear came.",
      "<"
    ],
    [
      "tuwa hi he ki mačho?  ",
      "You came and killed the Indian.",
      "<"
    ],
    [
      "wičhaša ki hipi, kte čha he.  ",
      "Whom did I call?",
      "<"
    ],
    [
      "?? ki ną hokšila ki matho ki wičhačhopi.  ",
      "The people came, and someone killed them",
      "<"
    ],
    [
      "wahi čha lakhota ki matho ki wičhačhopi",
      "?? ki wakte ną mačho.  ",
      ">"
    ],
    [
      "wičhaša ki nikte ną mačho",
      "?? ki nikte čha mačho.  ",
      ">"
    ],
    [
      "wičhaša ki nikte čha mačho",
      "boy.",
      ">"
    ],
    [
      "nikte",
      "<unk>",
      ">"
    ]
  ]
}