{
  "source_language": "hungarian",
  "target_language": "english",
  "meta": "",
  "train": [
    [
      "az",
      "that"
    ],
    [
      "eminnen",
      "from over here"
    ],
    [
      "amoda",
      "over there"
    ],
    [
      "emez",
      "this one"
    ],
    [
      "itt",
      "here"
    ],
    [
      "amott",
      "right there"
    ],
    [
      "ez",
      "this"
    ],
    [
      "amonnan",
      "from over there"
    ],
    [
      "ott",
      "there"
    ]
  ],
  "test": [
    [
      "amaz",
      "I would love that.",
      ">"
    ],
    [
      "oda",
      "there",
      ">"
    ],
    [
      "from there",
      "from there",
      "<"
    ],
    [
      "over this way",
      "over this way",
      "<"
    ],
    [
      "from over here",
      "over here",
      "<"
    ]
  ]
}