{
  "source_language": "malay",
  "target_language": "english",
  "meta": "",
  "train": [
    [
      "Gadis cantk itu tdak kaya.",
      "The beautiful girl is not rich."
    ],
    [
      "Penyanyi itu tdak bahagia.",
      "The singer is not happy."
    ],
    [
      "Kekayaan itu bukan dari bapanya.",
      "The wealth is not from his father."
    ],
    [
      "Wang bukan kebahagiaan.",
      "Money is not happiness."
    ],
    [
      "Kereta itu tdak datang dari medan itu.",
      "The car is not coming from the field."
    ],
    [
      "Manusia itu depan rumah itu bukan penyanyi.",
      "The man in front of the house is not a singer."
    ],
    [
      "Hadiah itu bukan untuk bapa itu.",
      "The gift is not for the father."
    ],
    [
      "Gadis bahagia itu tdak menangis.",
      "The happy girl is not crying."
    ]
  ],
  "test": [
    [
      "Beauty is not a gift.",
      "Beauty is not a gift.",
      "<"
    ],
    [
      "Gadis cantik itu bukan hadiah.",
      "The rich girl is not a singer.",
      "<"
    ],
    [
      "",
      "His wealth is not for the girl.",
      "<"
    ],
    [
      "The rich girl is not a singer.",
      "The man is not coming.",
      "<"
    ],
    [
      "Gadis kaya itu bukan penyanyi.",
      "The gift from the singer is not beautiful.",
      "<"
    ]
  ]
}