{
  "source_language": "kayapo",
  "target_language": "english",
  "meta": "ẽ and ê are specific vowels of Kayapo",
  "train": [
    [
      "atoro kêt",
      "You are not dancing"
    ],
    [
      "ba mẽ mẽ anhê",
      "We are decorating you.PL"
    ],
    [
      "ba rê",
      "I am swimming"
    ],
    [
      "ga iku",
      "You are devouring me"
    ],
    [
      "ga mẽ to",
      "You.PL are dancing"
    ],
    [
      "ijе mẽ akuru kêt",
      "I am not devouring you.PL"
    ],
    [
      "mẽ ajе inhêrê kêt",
      "You.PL are not decorating me"
    ],
    [
      "mẽ irêrê kêt",
      "We are not swimming"
    ]
  ],
  "test": [
    [
      "You.PL are not devouring us.",
      "You.PL are not devouring us",
      "<"
    ],
    [
      "We are not decorating you.PL.",
      "We are not decorating you.PL",
      "<"
    ],
    [
      "We are dancing.",
      "We are dancing",
      "<"
    ],
    [
      "I am devouring you.",
      "I am devouring you",
      "<"
    ],
    [
      "aje ikuru kêt",
      "You are not devouring us.",
      ">"
    ],
    [
      "ba mẽ aku",
      "We are not decorating you.",
      ">"
    ],
    [
      "irêrê kêt",
      "They are not swimming.",
      ">"
    ]
  ]
}