{
  "source_language": "copainalá zoque",
  "target_language": "english",
  "meta": "Λ ≈ u in but; c ≈ ts in hats (pronounced as a single consonant), nc ≈ nds in hands, ˇs = sh, ŋ = ng in hang, y = y in yay!; ʔ is a specific consonant (the so-called glottal stop).",
  "train": [
    [
      "mis nakpatpit",
      "with your cactus"
    ],
    [
      "nakpat",
      "a cactus"
    ],
    [
      "mokpittih",
      "only with the corn"
    ],
    [
      "pokskukyΛsmΛtaʔm",
      "above the chairs"
    ],
    [
      "pokskuy",
      "a chair"
    ],
    [
      "peroltih",
      "only a kettle"
    ],
    [
      "kocΛktaʔm",
      "mountains"
    ],
    [
      "komgΛsmΛtih",
      "right above the post"
    ],
    [
      "ʔΛs ŋgom",
      "my post"
    ],
    [
      "kΛmΛŋbitˇseh",
      "as if with the shadow"
    ],
    [
      "kΛmΛŋdaʔm",
      "shadows"
    ],
    [
      "ʔΛs ncapkΛsmΛˇseh",
      "as if above my sky"
    ],
    [
      "capˇseh",
      "like a sky"
    ],
    [
      "pahsungotoya",
      "for the squash"
    ],
    [
      "pahsunˇsehtaʔmdih",
      "just like squashes"
    ],
    [
      "tΛckotoyatih",
      "only for the tooth"
    ],
    [
      "kumgukyΛsmΛ",
      "above the town"
    ],
    [
      "kumgukyotoyataʔm",
      "for the towns"
    ],
    [
      "cakyotoya",
      "for the vine"
    ],
    [
      "mis ncay",
      "your vine"
    ]
  ],
  "test": [
    [
      "cakyΛsmΛtih",
      "for the vine",
      ">"
    ],
    [
      "kΛmΛŋˇseh",
      "with my kettle",
      ">"
    ],
    [
      "ʔΛs mok",
      "just like a mountain",
      ">"
    ],
    [
      "mis ndΛctaʔm",
      "as if above my sky",
      ">"
    ],
    [
      "pahsunbit",
      "like a shadow",
      ">"
    ],
    [
      "perolkotoyaˇsehtaʔm",
      "only for the tooth",
      ">"
    ],
    [
      "for the chair",
      "for the chair",
      "<"
    ],
    [
      "with my post",
      "with my kettle",
      "<"
    ],
    [
      "just like a mountain",
      "just like a mountain",
      "<"
    ],
    [
      "posts",
      "posts",
      "<"
    ],
    [
      "above the shadows",
      "above the shadows",
      "<"
    ],
    [
      "your town",
      "your town",
      "<"
    ]
  ]
}