{
  "source_language": "abma",
  "target_language": "english",
  "meta": "",
  "train": [
    [
      "Mwamni sileng.",
      "He drinks water."
    ],
    [
      "Nutsu mwatbo mwamni sileng.",
      "The child keeps drinking water."
    ],
    [
      "Nutsu mwegau.",
      "The child grows."
    ],
    [
      "Nutsu mwatbo mwegalgal.",
      "The child keeps crawling."
    ],
    [
      "Mworob mwabma.",
      "He runs here."
    ],
    [
      "Mwerava Mabontare mwisib.",
      "He pulls Mabontare down."
    ],
    [
      "Mabontare mwisib.",
      "Mabontare goes down."
    ],
    [
      "Mweselkani tela mwesak.",
      "He carries the axe up."
    ],
    [
      "Mwelebte sileng mwabma.",
      "He brings water."
    ],
    [
      "Mabontare mworob mwesak.",
      "Mabontare runs up."
    ],
    [
      "Sileng mworob.",
      "The water runs."
    ],
    [
      "sesesrakan",
      "teacher"
    ],
    [
      "mwegani",
      "eat"
    ],
    [
      "bwet",
      "taro"
    ],
    [
      "muhural",
      "walk"
    ],
    [
      "butsukul",
      "palm‐tree"
    ]
  ],
  "test": [
    [
      "Sesesrakan mweselkani sileng mwisib.",
      "The teacher carries the water down.",
      "<"
    ],
    [
      "Nutsu mwatbo mwegani.",
      "The child keeps eating.",
      "<"
    ],
    [
      "Mabontare mwegani bwet.",
      "Mabontare eats taro.",
      "<"
    ],
    [
      "Nutsu mwegalgal mwabma.",
      "The child crawls here.",
      "<"
    ],
    [
      "Sesesrakan muhural mwesak.",
      "The teacher walks uphill.",
      "<"
    ],
    [
      "Butsukul mwatbo mwegau mwisib.",
      "The palm-tree keeps growing downwards.",
      "<"
    ],
    [
      "?? mwesak.",
      "He goes up.",
      "<"
    ],
    [
      "Sesesrakan mweselkani bwet mwabma.",
      "The teacher carries the water down.",
      ">"
    ],
    [
      "Sileng mworob mwisib.",
      "The water runs down.",
      ">"
    ],
    [
      "Mwelebte bwet mwesak.",
      "He brings taro up.",
      ">"
    ]
  ]
}