{
  "source_language": "afrihili",
  "target_language": "english",
  "meta": "",
  "train": [
    [
      "adu",
      "tooth"
    ],
    [
      "ajamuri",
      "republic"
    ],
    [
      "akalini",
      "pen"
    ],
    [
      "amadu",
      "dentist"
    ],
    [
      "amkate",
      "bread"
    ],
    [
      "amola",
      "children"
    ],
    [
      "amukamo",
      "amukamo"
    ],
    [
      "aturesine",
      "bouquet"
    ],
    [
      "afidi",
      "machine"
    ],
    [
      "emeli",
      "ship"
    ],
    [
      "uruzindi",
      "stream"
    ],
    [
      "eshuli",
      "principal"
    ],
    [
      "eture",
      "flowers"
    ],
    [
      "enti",
      "date tree"
    ],
    [
      "ikalini",
      "pens"
    ],
    [
      "ijamura",
      "president"
    ],
    [
      "ilengi",
      "horses"
    ],
    [
      "imukazi",
      "girls"
    ],
    [
      "isabamatu",
      "(cobbler/shoemaker)"
    ],
    [
      "ishule",
      "school"
    ],
    [
      "omuntu",
      "man"
    ],
    [
      "olengi",
      "horse"
    ],
    [
      "uruzi",
      "river"
    ],
    [
      "omola",
      "child"
    ],
    [
      "omukazi",
      "girl"
    ],
    [
      "emelisini",
      "fleet"
    ],
    [
      "oluganda",
      "dialect"
    ],
    [
      "omuntundu",
      "dwarf"
    ]
  ],
  "test": [
    [
      "machinist: isabamatu",
      "machinist",
      "<"
    ],
    [
      "ships: emelisini",
      "ships",
      "<"
    ],
    [
      "ajamura",
      "ajamura: president",
      ">"
    ],
    [
      "flower: eture",
      "flower",
      "<"
    ],
    [
      "amkamate",
      "amkamate: ??",
      ">"
    ],
    [
      "group of girls: imukazi mbili",
      "group of girls",
      "<"
    ],
    [
      "date fruit: enti",
      "date fruit",
      "<"
    ],
    [
      "oluga",
      "oluga: ??",
      ">"
    ],
    [
      "shoe: afidi",
      "shoe",
      "<"
    ],
    [
      "king: ijamura",
      "king",
      "<"
    ]
  ]
}