{
  "source_language": "guaraní",
  "target_language": "english",
  "meta": "A squiggle over a vowel indicates that it is nasal (pronounced partly through the nose). The letter ñ is pronounced like the sound in the middle of “piñata” or “onion”. The letter y is pronounced like the “u” in “cut”. The letter j and the apostrophe (‘) are specific consonants.",
  "train": [
    [
      "japyhyta",
      "We will be catching"
    ],
    [
      "nohyvykõiri",
      "He is not enjoying"
    ],
    [
      "ombokapu",
      "He is shooting"
    ],
    [
      "pemomaitei",
      "You.PL are greeting"
    ],
    [
      "ndokarumo'ãi",
      "He will not be eating"
    ],
    [
      "ndapevo'oima",
      "You.PL were not taking"
    ],
    [
      "napekororõmo'ãi",
      "You.PL will not be crying"
    ],
    [
      "noñe'e͂ i",
      "He is not talking"
    ],
    [
      "okororõ",
      "He is crying"
    ],
    [
      "ndajajupirima",
      "We were not waking up"
    ],
    [
      "ahyvykõima",
      "I was enjoying"
    ],
    [
      "añe'e͂ ta",
      "I will be talking"
    ],
    [
      "namomaiteiri",
      "I am not greeting"
    ],
    [
      "japurahei",
      "We are singing"
    ]
  ],
  "test": [
    [
      "akaruma",
      "ndokarumo'ãi",
      ">"
    ],
    [
      "ojupita",
      "ndajajupirima",
      ">"
    ],
    [
      "ndavo'omo'ãi",
      "ndapevo'oima",
      ">"
    ],
    [
      "napekororõi",
      "napekororõmo'ãi",
      ">"
    ],
    [
      "ndapyhyima",
      "ndapyhyima",
      ">"
    ],
    [
      "Oiko'apyhyta",
      "You.PL are not shooting",
      "<"
    ],
    [
      "Oiko'era japurapyta",
      "He is not singing",
      "<"
    ],
    [
      "Nde ndokarumõ'ãi",
      "We will be eating",
      "<"
    ],
    [
      "Nde napekororõ'ãi",
      "I will not be singing",
      "<"
    ]
  ]
}