{
  "source_language": "somali",
  "target_language": "english",
  "meta": "Vowel sounds are much like in English. A double vowel indicates that the vowel is long. Conso- nants are also as in English except as follows: dh: a retroflex ‘d’ pronounced with the tongue tip curled backward like the ‘dr’ in drive; q: a voiced uvular plosive, like a ‘g’ but pronounced at the back of the throat like the sound of drinking water kh: a bit like the ‘ch’ in Scottish loch but pronounced at the back of the throat; x: a voiceless pharyngeal fricative, like an ‘h’ pronounced deep in the throat; c: same as ‘x’, but voiced; r: a rolled ‘r’ as in Italian; ’: the consonant sound in the middle of uh-oh",
  "train": [
    [
      "akhriyay",
      "I read"
    ],
    [
      "aragay",
      "I saw"
    ],
    [
      "ba’ay",
      "I was destroyed"
    ],
    [
      "baajiyay",
      "I prevented"
    ],
    [
      "baaquay",
      "I announced"
    ],
    [
      "baxay",
      "I left"
    ],
    [
      "bi’iyay",
      "I destroyed"
    ],
    [
      "bilaabay",
      "I began"
    ],
    [
      "cabay",
      "I drank"
    ],
    [
      "cararay",
      "I ran away"
    ],
    [
      "akhriday",
      "He read"
    ],
    [
      "aragtay",
      "He saw"
    ],
    [
      "bartay",
      "He taught"
    ],
    [
      "ba’day",
      "He was destroyed"
    ],
    [
      "baaqday",
      "He announced"
    ],
    [
      "baxday",
      "He left"
    ],
    [
      "cuntay",
      "He ate"
    ],
    [
      "cabtay",
      "He drank"
    ],
    [
      "carartay",
      "He ran away"
    ],
    [
      "daaqay",
      "I grazed"
    ],
    [
      "dhacay",
      "I fell"
    ],
    [
      "dhisay",
      "I built"
    ],
    [
      "diiday",
      "I refused"
    ],
    [
      "dilay",
      "I killed"
    ],
    [
      "faraxay",
      "I was happy"
    ],
    [
      "gaadhay",
      "I reached"
    ],
    [
      "galay",
      "I entered"
    ],
    [
      "go’ay",
      "I cut"
    ],
    [
      "horjeeday",
      "I opposed"
    ],
    [
      "kacay",
      "I rose"
    ],
    [
      "keenay",
      "I brought"
    ],
    [
      "korodhay",
      "I increased"
    ],
    [
      "qaaday",
      "I took"
    ],
    [
      "tagay",
      "I went"
    ],
    [
      "xidhay",
      "I closed"
    ],
    [
      "walaaqay",
      "I stirred"
    ],
    [
      "dhistay",
      "He built"
    ],
    [
      "diiday",
      "He refused"
    ],
    [
      "dishay",
      "He killed"
    ],
    [
      "gaadhay",
      "He reached"
    ],
    [
      "heshay",
      "He found"
    ],
    [
      "horjeeday",
      "He opposed"
    ],
    [
      "keentay",
      "He brought"
    ],
    [
      "korodhay",
      "He increased"
    ],
    [
      "tagtay",
      "He went"
    ]
  ],
  "test": [
    [
      "bartay",
      "I taught",
      "<"
    ],
    [
      "cuntay",
      "I ate",
      "<"
    ],
    [
      "baajitay",
      "He prevented",
      "<"
    ],
    [
      "ba'tay",
      "He destroyed",
      "<"
    ],
    [
      "bilaabtay",
      "He began",
      "<"
    ],
    [
      "?? ",
      "He grazed",
      "<"
    ],
    [
      "kactay",
      "He fell",
      "<"
    ],
    [
      "faraxay",
      "He was happy",
      "<"
    ],
    [
      "galtay",
      "He entered",
      "<"
    ],
    [
      "go'tay",
      "He cut",
      "<"
    ],
    [
      "hesay",
      "I found",
      "<"
    ],
    [
      "kactay",
      "He rose",
      "<"
    ],
    [
      "qaatay",
      "He took",
      "<"
    ],
    [
      "xidtay",
      "He closed",
      "<"
    ],
    [
      "walaqtay",
      "He stirred",
      "<"
    ]
  ]
}