{
  "source_language": "kayapo",
  "target_language": "english",
  "meta": "ẽ and ê are specific vowels of Kayapo",
  "train": [
    [
      "atoro kêt",
      "You are not dancing"
    ],
    [
      "ba mẽ mẽ anhê",
      "We are decorating you.PL"
    ],
    [
      "ba rê",
      "I am swimming"
    ],
    [
      "ga iku",
      "You are devouring me"
    ],
    [
      "ga mẽ to",
      "You.PL are dancing"
    ],
    [
      "ijе mẽ akuru kêt",
      "I am not devouring you.PL"
    ],
    [
      "mẽ ajе inhêrê kêt",
      "You.PL are not decorating me"
    ],
    [
      "mẽ irêrê kêt",
      "We are not swimming"
    ]
  ],
  "test": [
    [
      "You.PL are not devouring us → You.PL mẽ not iku jе mẽ",
      "You.PL are not devouring us",
      "<"
    ],
    [
      "We are not decorating you.PL → We mẽ not ajе inhêrê You.PL",
      "We are not decorating you.PL",
      "<"
    ],
    [
      "We are dancing → We rê",
      "We are dancing",
      "<"
    ],
    [
      "I am devouring you → I iku You",
      "I am devouring you",
      "<"
    ],
    [
      "aje ikuru kêt",
      "aje ikuru kêt → They devouring dancing",
      ">"
    ],
    [
      "ba mẽ aku",
      "ba mẽ aku → ?? ?? ??",
      ">"
    ],
    [
      "irêrê kêt",
      "irêrê kêt → swimming dancing",
      ">"
    ]
  ]
}