{
  "source_language": "abma",
  "target_language": "english",
  "meta": "",
  "train": [
    [
      "Mwamni sileng.",
      "He drinks water."
    ],
    [
      "Nutsu mwatbo mwamni sileng.",
      "The child keeps drinking water."
    ],
    [
      "Nutsu mwegau.",
      "The child grows."
    ],
    [
      "Nutsu mwatbo mwegalgal.",
      "The child keeps crawling."
    ],
    [
      "Mworob mwabma.",
      "He runs here."
    ],
    [
      "Mwerava Mabontare mwisib.",
      "He pulls Mabontare down."
    ],
    [
      "Mabontare mwisib.",
      "Mabontare goes down."
    ],
    [
      "Mweselkani tela mwesak.",
      "He carries the axe up."
    ],
    [
      "Mwelebte sileng mwabma.",
      "He brings water."
    ],
    [
      "Mabontare mworob mwesak.",
      "Mabontare runs up."
    ],
    [
      "Sileng mworob.",
      "The water runs."
    ],
    [
      "sesesrakan",
      "teacher"
    ],
    [
      "mwegani",
      "eat"
    ],
    [
      "bwet",
      "taro"
    ],
    [
      "muhural",
      "walk"
    ],
    [
      "butsukul",
      "palm‐tree"
    ]
  ],
  "test": [
    [
      "sesesrakan mweselkani sileng mwisib",
      "The teacher carries the water down.",
      "<"
    ],
    [
      "nutsu mwatbo mwegani",
      "The child keeps eating.",
      "<"
    ],
    [
      "mabontare mwegani bwet",
      "Mabontare eats taro.",
      "<"
    ],
    [
      "nutsu mwegalgal mwabma",
      "The child crawls here.",
      "<"
    ],
    [
      "sesesrakan muhural mwesak",
      "The teacher walks uphill.",
      "<"
    ],
    [
      "butsukul mwatbo mwegau mwisib",
      "The palm-tree keeps growing downwards.",
      "<"
    ],
    [
      "?? mwisib mwesak",
      "He goes up.",
      "<"
    ],
    [
      "Sesesrakan mweselkani bwet mwabma.",
      "The teacher carries the water down.",
      ">"
    ],
    [
      "Sileng mworob mwisib.",
      "Water runs down.",
      ">"
    ],
    [
      "Mwelebte bwet mwesak.",
      "Bring taro up.",
      ">"
    ]
  ]
}