{
  "source_language": "kurmanji kurdish",
  "target_language": "english",
  "meta": "",
  "train": [
    [
      "Ez h'irç'ê dibînim",
      "I see Bear."
    ],
    [
      "Tu dir'evî",
      "You run."
    ],
    [
      "Tu min dibînî",
      "You see me."
    ],
    [
      "H'irç' dir'eve",
      "Bear runs."
    ],
    [
      "Ez dir'evim",
      "I run."
    ],
    [
      "Tu h'irç'ê dibînî",
      "You see Bear."
    ]
  ],
  "test": [
    [
      "H'irç' min dibîne",
      "bear me sees",
      ">"
    ]
  ]
}