{
  "source_language": "ilokano",
  "target_language": "english",
  "meta": "",
  "train": [
    [
      "dinaldalusanda",
      "they were cleaning it"
    ],
    [
      "bimmasata",
      "we.PL2 were reading"
    ],
    [
      "linablabaanyo",
      "you.PL were laundering it"
    ],
    [
      "gimmatingda",
      "they were shopping"
    ],
    [
      "dinalusanta ida",
      "we.PL2 cleaned them"
    ],
    [
      "pinukkawyo ida",
      "you.PL called them"
    ],
    [
      "simmagadda",
      "they were sweeping"
    ],
    [
      "pinukpukkawmi ida",
      "we.PL3 were calling them"
    ],
    [
      "ginatgatingta ida",
      "we.PL2 were buying them"
    ],
    [
      "pinunaanda",
      "they wiped it"
    ],
    [
      "timmakawta",
      "we.PL2 were stealing"
    ],
    [
      "limmabakami",
      "we.PL3 were laundering"
    ],
    [
      "dimmaluskayo",
      "you.PL were cleaning"
    ],
    [
      "tinakawmi",
      "we.PL3 stole it"
    ]
  ],
  "test": [
    [
      "binasayo",
      "they were stealing them",
      ">"
    ],
    [
      "sinagsagadanta",
      "we laundered it",
      ">"
    ],
    [
      "pimmukkawkami",
      "you were wiping",
      ">"
    ],
    [
      "<unk>",
      "they were stealing them",
      "<"
    ],
    [
      "<unk>",
      "we.PL3 laundered it",
      "<"
    ],
    [
      "<unk>",
      "you.PL were wiping",
      "<"
    ]
  ]
}