{
  "source_language": "irish",
  "target_language": "english",
  "meta": "",
  "train": [
    [
      "garra amháin",
      "one garden"
    ],
    [
      "gasúr déag",
      "eleven boys"
    ],
    [
      "ocht mballa is dhá fichid",
      "forty eight walls"
    ],
    [
      "dhá gharra déag is ceithre fichid",
      "ninety two gardens"
    ],
    [
      "trí bhád",
      "three boats"
    ],
    [
      "seacht ndoras déag",
      "seventeen doors"
    ],
    [
      "seacht mbád déag is dhá fichid",
      "fifty seven boats"
    ],
    [
      "naoi nduine déag is fiche",
      "thirty nine people"
    ],
    [
      "ceithre fichid doras",
      "eighty doors"
    ],
    [
      "cúig bhalla",
      "five walls"
    ],
    [
      "sé ghasúr is trí fichid",
      "sixty six boys"
    ],
    [
      "deich mbád",
      "ten boats"
    ],
    [
      "sé dhuine",
      "six people"
    ],
    [
      "trí dhoras is dhá fichid",
      "forty three doors"
    ],
    [
      "garra is ceithre fichid",
      "eighty one gardens"
    ]
  ],
  "test": [
    [
      "naoi mbád déag is ceithre fichid",
      "nine boats and fourteen walls",
      ">"
    ],
    [
      "sé dhuine déag",
      "sixteen people",
      ">"
    ],
    [
      "naoi nduine",
      "nine people",
      ">"
    ],
    [
      "fiche gasúr",
      "twenty boys",
      ">"
    ],
    [
      "garra déag is fiche",
      "twenty two gardens",
      ">"
    ],
    [
      "gasúr dhá",
      "two boys",
      "<"
    ],
    [
      "ceithre fichid mballa",
      "thirty eight walls",
      "<"
    ],
    [
      "ceithre fichid mballa",
      "fourteen walls",
      "<"
    ],
    [
      "ndoras a haon is fiche",
      "seventy one doors",
      "<"
    ],
    [
      "bád fiche",
      "twenty one boats",
      "<"
    ],
    [
      "duine naoi",
      "ninety people",
      "<"
    ]
  ]
}