{
  "source_language": "kabardian",
  "target_language": "english",
  "meta": "c̣, gʷ, q̇, š, š’, ṭ, x, χʷ, ʒ, ʔ are consonants; ə is a vowel. The mark “ ́” indicates stress.",
  "train": [
    [
      "defə́n",
      "to be able to sew"
    ],
    [
      "gʷəš’əʔén",
      "to speak"
    ],
    [
      "máde",
      "(he/she) is sewing"
    ],
    [
      "mášxe",
      "(he/she) is eating"
    ],
    [
      "mec̣ántχʷe",
      "(he/she) is sliding"
    ],
    [
      "megʷəš’əʔéf",
      "(he/she) is able to speak"
    ],
    [
      "mes",
      "(he/she) is burning"
    ],
    [
      "mebəbə́pe",
      "(he/she) really is flying"
    ],
    [
      "mešxápe",
      "(he/she) really is eating"
    ],
    [
      "meʒeq̇áfe",
      "áfe (he/she) is pretending to bite"
    ],
    [
      "sən",
      "to burn"
    ],
    [
      "ṭəgʷərəgʷə́n",
      "to tremble"
    ],
    [
      "c̣ántχʷeq̇əm",
      "(he/she) isn’t sliding"
    ],
    [
      "c̣ántχʷet",
      "(he/she) was sliding"
    ],
    [
      "c̣entχʷéft",
      "(he/she) was able to slide"
    ],
    [
      "dápet",
      "(he/she) really was sewing"
    ],
    [
      "défxeme",
      "if [they] are able to sew"
    ],
    [
      "c̣ántχʷexeme",
      "if [they] are sliding"
    ],
    [
      "meṭəgʷərə́gʷxe",
      "[they] are trembling"
    ],
    [
      "sə́fq̇əm",
      "(he/she) isn’t able to burn"
    ],
    [
      "bə́bme",
      "if (he/she) is flying"
    ],
    [
      "bə́bxet",
      "[they] were flying"
    ],
    [
      "šxéme",
      "if (he/she) is eating"
    ],
    [
      "ṭəgʷərə́gʷq̇əm",
      "(he/she) isn’t trembling"
    ]
  ],
  "test": [
    [
      "ʒeq̇én",
      "pretending:meʒeq̇áfe",
      ">"
    ],
    [
      "medéf",
      "if:défxeme",
      ">"
    ],
    [
      "medáfe",
      "pretending:meʒeq̇áfe",
      ">"
    ],
    [
      "səfə́n",
      "burn:sən",
      ">"
    ],
    [
      "megʷəš’ə́ʔe",
      "able:megʷəš’əʔéf",
      ">"
    ],
    [
      "mebə́b",
      "really:mebəbə́pe",
      ">"
    ],
    [
      "c̣entχʷéfme",
      "able:c̣entχʷéft",
      ">"
    ],
    [
      "šxáfexeq̇əm",
      "slide:c̣ántχʷeq̇əm",
      ">"
    ],
    [
      "bəbə́ft",
      "flying:bə́bme",
      ">"
    ],
    [
      "šxet",
      "bite:šxet",
      ">"
    ],
    [
      "ṭəgʷərəgʷə́peme",
      "tremble:ṭəgʷərəgʷə́n",
      ">"
    ],
    [
      "[they] are sewing:défdefə́n",
      "[they] are sewing",
      "<"
    ],
    [
      "[they] are pretending to fly:défmebə́bme",
      "[they] are pretending to fly",
      "<"
    ],
    [
      "(he/she) really was burning:mebəbə́pesən",
      "(he/she) really was burning",
      "<"
    ],
    [
      "(he/she) isn’t able to eat:mešxápesən",
      "(he/she) isn’t able to eat",
      "<"
    ],
    [
      "if [they] are speaking:défxemegʷəš’əʔén",
      "if [they] are speaking",
      "<"
    ],
    [
      "[they] are biting:šxetdefə́n",
      "[they] are biting",
      "<"
    ]
  ]
}