{
  "source_language": "wembawemba",
  "target_language": "english",
  "meta": "In the Wembawemba writing system ng represents the consonant sound in English singer and not the sequence of the two consonant sounds n + g as in finger. The sequence ty represents a single consonant sound close to English ch in chin. There are two distinct 'r' sounds in this language: the consonant sound written with a single 'r' symbol is quite different from the one written with two 'r' symbols. In other words 'rr' does not represent two consonant sounds, but just one. ǝ represents the vowel sound of 'e' in open or of 'er' in singer.",
  "train": [
    [
      "wutyup",
      "stomach"
    ],
    [
      "wutyupek",
      "my stomach"
    ],
    [
      "wutyupin",
      "your stomach"
    ],
    [
      "wutyupuk",
      "(his/her/its) stomach"
    ],
    [
      "tjel",
      "net"
    ],
    [
      "tjelek",
      "my net"
    ],
    [
      "tjelin",
      "your net"
    ],
    [
      "tjeluk",
      "his net"
    ],
    [
      "tyinǝ",
      "foot"
    ],
    [
      "tyinǝngek",
      "my foot"
    ],
    [
      "tyinǝngin",
      "your foot"
    ],
    [
      "tyinǝnyuk",
      "(his/her/its) foot"
    ],
    [
      "ngani",
      "waddy"
    ],
    [
      "nganingek",
      "my waddy"
    ],
    [
      "nganingin",
      "your waddy"
    ],
    [
      "nganinyuk",
      "(his/her) waddy"
    ],
    [
      "kurrm",
      "breast"
    ],
    [
      "kurrmbuk",
      "her breast"
    ],
    [
      "kurn",
      "throat"
    ],
    [
      "kurnduk",
      "(his/her/its) throat"
    ],
    [
      "paring",
      "track"
    ],
    [
      "paringguk",
      "(his/her/its) track"
    ],
    [
      "kurratyuk",
      "(his/her/its) fat"
    ],
    [
      "merterruk",
      "(his/her/its) bone"
    ],
    [
      "lar",
      "country"
    ],
    [
      "larnuk",
      "(his/her) country"
    ],
    [
      "mir",
      "eye"
    ],
    [
      "mirnuk",
      "(his/her/its) eye"
    ],
    [
      "yiren-yiren",
      "eyebrows"
    ],
    [
      "yiren-yirendek",
      "my eyebrows"
    ],
    [
      "yiren-yirendin",
      "your eyebrows"
    ],
    [
      "yiren-yirenduk",
      "(his/her/its) eyebrows"
    ],
    [
      "kunǝnyuk",
      "its guts"
    ],
    [
      "mirrkuk",
      "its egg"
    ],
    [
      "kurrk",
      "blood"
    ],
    [
      "mula",
      "hip"
    ],
    [
      "ngapundek",
      "my grandchild"
    ]
  ],
  "test": [
    [
      "I would love that.",
      "guts",
      "<"
    ],
    [
      "mirrkuk",
      "egg",
      "<"
    ],
    [
      "kunǝnyuk",
      "your blood",
      "<"
    ],
    [
      "mula",
      "your hip",
      "<"
    ],
    [
      "ek",
      "my",
      "<"
    ],
    [
      "<unk>",
      "grandchild",
      "<"
    ],
    [
      "<unk>",
      "fat",
      "<"
    ],
    [
      "<unk>",
      "its",
      "<"
    ]
  ]
}