{
  "source_language": "irish",
  "target_language": "english",
  "meta": "The acute accent on vowels indicates that they are longer than their unaccented counterparts",
  "train": [
    [
      "Beiriliam",
      "Beryllium"
    ],
    [
      "Bórón",
      "Boron"
    ],
    [
      "Carbón",
      "Carbon"
    ],
    [
      "Clóirín",
      "Chlorine"
    ],
    [
      "Cóbalt",
      "Cobalt"
    ],
    [
      "Héiliam",
      "Helium"
    ],
    [
      "Maignéisiam",
      "Magnesium"
    ],
    [
      "Oismiam",
      "Osmium"
    ],
    [
      "Próiméitiam",
      "Promethium"
    ],
    [
      "Túiliam",
      "Thulium"
    ]
  ],
  "test": [
    [
      "Próiméitiam",
      "Americium",
      "<"
    ],
    [
      "Bróimín",
      "Bromine",
      "<"
    ],
    [
      "??",
      "Rhenium",
      "<"
    ],
    [
      "<unk>",
      "Ruthenium",
      "<"
    ],
    [
      "<unk>",
      "Sodium",
      "<"
    ],
    [
      "<unk>",
      "Ytterbium",
      "<"
    ],
    [
      "Ocsaigin",
      "<unk>",
      ">"
    ],
    [
      "Fosfar",
      "<unk>",
      ">"
    ],
    [
      "Mearcair",
      "<unk>",
      ">"
    ],
    [
      "Cailciam",
      "<unk>",
      ">"
    ],
    [
      "Iarann",
      "<unk>",
      ">"
    ],
    [
      "Luaidhe",
      "<unk>",
      ">"
    ]
  ]
}