{
  "source_language": "ancient greek",
  "target_language": "english",
  "meta": "the letter ō stands for a long o.",
  "train": [
    [
      "ho tōn hyiōn dulos",
      "the slave of the sons"
    ],
    [
      "hoi tōn dulōn cyrioi",
      "the masters of the slaves"
    ],
    [
      "hoi tu emporu adelphoi",
      "the brothers of the merchant"
    ],
    [
      "hoi tōn onōn emporoi",
      "the merchants of the donkeys"
    ],
    [
      "ho tu cyriu onos",
      "the donkey of the masterō"
    ],
    [
      "ho tu oicu cyrios",
      "the master of the house"
    ],
    [
      "ho tōn adelphōn oicos",
      "the house of the brothers"
    ],
    [
      "hoi tōn cyriōn hyioi",
      "the sons of the masters"
    ]
  ],
  "test": [
    [
      "τὰ οἰκία τῶν ἐμπόρων",
      "the houses of the merchants",
      "<"
    ],
    [
      "τὰ ὄνοι τοῦ δούλου",
      "the donkeys of the slave.",
      "<"
    ]
  ]
}