{
  "source_language": "kiswahili",
  "target_language": "english",
  "meta": "",
  "train": [
    [
      "Atacheza",
      "He will play"
    ],
    [
      "Mlipika",
      "You.PL cooked"
    ],
    [
      "Nilicheza",
      "I played"
    ],
    [
      "Ninakula",
      "I eat"
    ],
    [
      "Tulifahamu",
      "We understood"
    ],
    [
      "Unacheza",
      "You play"
    ],
    [
      "Wanafahamu",
      "They understand"
    ],
    [
      "Hamkupika",
      "You.PL did not cook"
    ],
    [
      "Hatacheza",
      "He will not play"
    ],
    [
      "Hatukufahamu",
      "We did not understand"
    ],
    [
      "Hawafahamu",
      "They do not understand"
    ],
    [
      "Huchezi",
      "You do not play"
    ],
    [
      "Sikucheza",
      "I did not play"
    ],
    [
      "Sili",
      "I do not eat"
    ]
  ],
  "test": [
    [
      "Ninyi mtembelea",
      "You visit",
      "<"
    ],
    [
      "Ninyi si mtembelei",
      "You do not visit",
      "<"
    ],
    [
      "Ninyi hamkutembelea",
      "You did not visit",
      "<"
    ],
    [
      "Ninyi mtatembelea",
      "You will visit",
      "<"
    ],
    [
      "Yeye anakunywa",
      "(He/She) drinks",
      "<"
    ],
    [
      "Yeye hanywi",
      "(He/She) does not drink",
      "<"
    ],
    [
      "Yeye alikunywa",
      "(He/She) drank",
      "<"
    ],
    [
      "Yeye hatakunywa",
      "(He/She) will not drink",
      "<"
    ]
  ]
}