{
  "source_language": "inuktitut",
  "target_language": "english",
  "meta": "The letter r denotes a ‘Parisian’ r (pronounced far back in the mouth), and q stands for a k-like sound made in the same place.",
  "train": [
    [
      "Qingmivit takujaatit.",
      "Your dog saw you."
    ],
    [
      "Inuuhuktuup iluaqhaiji qukiqtanga.",
      "The boy shot the doctor."
    ],
    [
      "Aanniqtutit.",
      "You hurt yourself."
    ],
    [
      "Iluaqhaijiup aarqijaatit.",
      "The doctor cured you."
    ],
    [
      "Qingmiq iputujait.",
      "You speared the dog."
    ],
    [
      "Angatkuq iluaqhaijimik aarqisijuq.",
      "The shaman cured a doctor."
    ],
    [
      "Nanuq qaijuq.",
      "The polar bear came."
    ],
    [
      "Iluaqhaijivit inuuhuktuit aarqijanga.",
      "Your doctor cured your boy."
    ],
    [
      "Angunahuktiup amaruq iputujanga.",
      "The hunter speared the wolf."
    ],
    [
      "Qingmiup ilinniaqtitsijiit aanniqtanga.",
      "The dog hurt your teacher."
    ],
    [
      "Ukiakhaqtutit.",
      "You fell."
    ],
    [
      "Angunahukti nanurmik qukiqsijuq.",
      "The hunter shot a polar bear."
    ]
  ],
  "test": [
    [
      "Qingmiq iluaqhaiji q.",
      "The shaman hurt you.",
      "<"
    ],
    [
      "Ilinniaqtit inuuhuktuu t.",
      "The teacher saw the boy.",
      "<"
    ],
    [
      "Qingmiq qingmi amaruqsijuq.",
      "Your wolf fell.",
      "<"
    ],
    [
      "Qingmiq qingmi qingmiq q.",
      "You shot a dog.",
      "<"
    ],
    [
      "Qingmiq qingmi qingmi iluaqhaiji t.",
      "Your dog hurt a teacher.",
      "<"
    ],
    [
      "Amaruup angatkuit takujanga.",
      "The wolf hurt you.",
      ">"
    ],
    [
      "Nanuit inuuhukturmik aanniqsijuq.",
      "The boy saw yourself.",
      ">"
    ],
    [
      "Angunahuktiit aarqijuq.",
      "The hunter is falling.",
      ">"
    ],
    [
      "Ilinniaqtitsiji qukiqtait.",
      "The teacher saw them.",
      ">"
    ],
    [
      "Qaijutit.",
      "They are leaving.",
      ">"
    ],
    [
      "Angunahuktimik aarqisijutit.",
      "The hunter saw them.",
      ">"
    ]
  ]
}