{
  "source_language": "muna",
  "target_language": "english",
  "meta": "",
  "train": [
    [
      "murihino andoandoke dofoni we molo.",
      "The Monkey’s pupils are climbing the mountain."
    ],
    [
      "lambuku nakumodoho.",
      "My house will be far."
    ],
    [
      "lambuhindo lagahi nofanaka.",
      "The ants’ houses are warm."
    ],
    [
      "lagahino damumaa kaleino robhine.",
      "His ants will eat the woman’s banana."
    ],
    [
      "a dhini nofumaa ndokehiku.",
      "The demon is eating my monkeys."
    ],
    [
      "robhineno naghumoli lambuno adhiadhini.",
      "His woman will buy the Demon’s house."
    ],
    [
      "a kontuhi namanaka.",
      "The stones will be warm."
    ],
    [
      "a robhinehi dakumala we andoandoke.",
      "The women will go to the Monkey."
    ],
    [
      "a murihi dosuli we lambuhi.",
      "The pupils are returning to the houses."
    ],
    [
      "lagahino muriku dokodoho.",
      "My pupil’s ants are far."
    ],
    [
      "adhiadhini nododo molondo.",
      "The Demon is cutting their mountain."
    ]
  ],
  "test": [
    [
      "andoandoke nogholi lagahiku.",
      "The pupil will climb the monkey's stone.",
      ">"
    ],
    [
      "a dhinihi dasumuli we murindo robhinehi.",
      "The ants are going to the demon.",
      ">"
    ],
    [
      "Robhinehi dasumuli we kaleinohi nogholi.",
      "The Ant will climb the pupil’s stone.",
      "<"
    ],
    [
      "Lagahiku dakumala a dhinihi.",
      "The ants are going to the Demon.",
      "<"
    ],
    [
      "Murihi kaleino robhinehi dododo. ",
      "My women’s monkeys will cut my bananas.",
      "<"
    ],
    [
      "Murihi dofoni nakumodoho.",
      "The monkey’s mountains are far.",
      "<"
    ]
  ]
}