{
  "source_language": "papiamento",
  "target_language": "english",
  "meta": "",
  "train": [
    [
      "Mi ta atimabo",
      "I love you.SG"
    ],
    [
      "Bo yiu homber tabata mira Piter",
      "Your.SG son saw Piter"
    ],
    [
      "E ruman homber ta korda e muhé",
      "The brother remembers her"
    ],
    [
      "Mi ruman muhé ta laba e mucha muhé",
      "My sister washes a girl"
    ],
    [
      "Maria tabata salbabosnan",
      "Maria saved you.PL"
    ],
    [
      "Bosnan lo mustra nos buki",
      "You.PL will show our book"
    ]
  ],
  "test": [
    [
      "Bo ta labanos",
      "You washed the girl.",
      ">"
    ],
    [
      "Piter lo mira mi yiu muhé",
      "Peter will see me and you.",
      ">"
    ],
    [
      "Maria tabata korda e buki",
      "Maria saved the book.",
      ">"
    ],
    [
      "Bo ta labanos",
      "You.SG love us",
      "<"
    ],
    [
      "Piter tabata mira mi yiu muhé",
      "Peter loved his daughter",
      "<"
    ],
    [
      "Maria salbabosnan e buki",
      "The boy saw me",
      "<"
    ],
    [
      "Yiu love nos",
      "He will wash the boy",
      "<"
    ],
    [
      "Piter tabata korda su mucha",
      "Our son will see the book",
      "<"
    ],
    [
      "E mucha a mira mi",
      "We remember Maria",
      "<"
    ]
  ]
}