{
  "source_language": "māori",
  "target_language": "english",
  "meta": "",
  "train": [
    [
      "Ka moe au ki tātahi.",
      "I will sleep at the beach."
    ],
    [
      "Kua kite rātou i Te Maioro Nui Whakaharahara o Haina.",
      "They have seen the Great Wall of China."
    ],
    [
      "Ka patu koe i te pōro.",
      "You will hit the ball."
    ],
    [
      "Kua haere au ki te hui.",
      "I have gone to the meeting."
    ],
    [
      "I patua te taramu e te tama.",
      "The drum was hit by the boy."
    ],
    [
      "Kāore au e haere ki te marae.",
      "I will not go to the courtyard."
    ],
    [
      "I korerota ngā kupu e te tama.",
      "The words were spoken by the boy."
    ],
    [
      "Kāore te whare i hangaia e Bob.",
      "The house was not built by Bob."
    ],
    [
      "I patu Bob i te taramu.",
      "Bob hit the drum."
    ],
    [
      "Kua mahia te mahi e au.",
      "The work has been done by me."
    ],
    [
      "I whāia au e te pūru.",
      "I was chased by the bull."
    ],
    [
      "Nā te kōtro te taramu i patu.",
      "The girl hit the drum."
    ],
    [
      "Mā te wahine ngā peret e horoi.",
      "The woman will wash the plates."
    ]
  ],
  "test": [
    [
      "Ka haere rātou ki tātahi.",
      "They went to the beach.",
      ">"
    ],
    [
      "Kua patu au i te pōro.",
      "I hit the ball.",
      ">"
    ],
    [
      "I hangaia te whare e Bob.",
      "The house was built by Bob.",
      ">"
    ],
    [
      "Nā te tama te kōtro i kōrero.",
      "The girl was spoken by the boy.",
      ">"
    ],
    [
      "Mā te pūru ngā tama e whai.",
      "The boys will chase the bull.",
      ">"
    ],
    [
      "Kāore au i haere ki te marae.",
      "I did not go to the courtyard.",
      ">"
    ],
    [
      "Kua moe rātou ki te hui.",
      "They have slept at the meeting.",
      "<"
    ],
    [
      "Ka haere koe ki Te Maioro Nui Whakaharahara o Haina.",
      "You will go to the Great Wall of China.",
      "<"
    ],
    [
      "Kāore au e moe ki te tātahi.",
      "I will not sleep at the beach.",
      "<"
    ],
    [
      "Kua horoi te pūru e koe.",
      "The bull has been washed by you.",
      "<"
    ],
    [
      "Kua mahia te mahi e te tama.",
      "The boy did the work.",
      "<"
    ],
    [
      "I haere te wahine ki te whare.",
      "The woman went to the house.",
      "<"
    ]
  ]
}