{
  "source_language": "swahili",
  "target_language": "english",
  "meta": "",
  "train": [
    [
      "Atacheza",
      "(He/She) will play"
    ],
    [
      "Mlifahamu",
      "You.PL understood"
    ],
    [
      "Mnapika",
      "You.PL cook"
    ],
    [
      "Nilicheza",
      "I played"
    ],
    [
      "Ninapika",
      "I cook"
    ],
    [
      "Nitapika",
      "I will cook"
    ],
    [
      "Tulifahamu",
      "We understood"
    ],
    [
      "Unacheza",
      "You play"
    ],
    [
      "Utapika",
      "You will cook"
    ],
    [
      "Wanafahamu",
      "They understand"
    ],
    [
      "Watapika",
      "They will cook"
    ],
    [
      "Walicheza",
      "They played"
    ],
    [
      "Hakucheza",
      "(He/She) did not play"
    ],
    [
      "Hamkupika",
      "You.PL did not cook"
    ],
    [
      "Hatacheza",
      "(He/She) will not play"
    ],
    [
      "Hatapika",
      "(He/She) will not cook"
    ],
    [
      "Hatukufahamu",
      "We did not understand"
    ],
    [
      "Hatupiki",
      "We do not cook"
    ],
    [
      "Hawafahamu",
      "They do not understand"
    ],
    [
      "Huchezi",
      "You do not play"
    ],
    [
      "Sikucheza",
      "I did not play"
    ],
    [
      "Hamtakula",
      "You.PL will not eat"
    ],
    [
      "Hatupi",
      "We do not give"
    ],
    [
      "Hawakula",
      "They did not eat"
    ],
    [
      "Hawakupa",
      "They did not give"
    ],
    [
      "Huchi",
      "You do not fear"
    ],
    [
      "Mlikucha",
      "You.PL feared"
    ],
    [
      "Sili",
      "I do not eat"
    ],
    [
      "Unakucha",
      "You fear"
    ],
    [
      "Watakupa",
      "They will give"
    ],
    [
      "Ninatembelea",
      "I visit"
    ],
    [
      "Ninakufa",
      "I die"
    ]
  ],
  "test": [
    [
      "Tembelea",
      "You visit",
      "<"
    ],
    [
      "Sitembelei.",
      "I do not visit.",
      "<"
    ],
    [
      "Mlikuwa mmetembelea.",
      "You.PL visited.",
      "<"
    ],
    [
      "Hatukutembelea.",
      "We did not visit",
      "<"
    ],
    [
      "Atatembelea.",
      "(He/She) will visit",
      "<"
    ],
    [
      "Hawatakuja.",
      "They will not visit",
      "<"
    ],
    [
      "Unakufa.",
      "You die.",
      "<"
    ],
    [
      "Sikufi.",
      "I do not die.",
      "<"
    ],
    [
      "Mlikufa.",
      "You.PL died.",
      "<"
    ],
    [
      "Hatukufa.",
      "We did not die",
      "<"
    ],
    [
      "Atakufa.",
      "(He/She) will die.",
      "<"
    ],
    [
      "Hawatakufa.",
      "They will not die.",
      "<"
    ]
  ]
}