{
  "source_language": "proto-algonquian",
  "target_language": "english",
  "meta": "The ‘:’ in the data below indicates a long vowel. The ‘θ’ indicates a ‘th’ sound, as in ‘thing’",
  "train": [
    [
      "kewa:pameθehm",
      "I see you.SG"
    ],
    [
      "kewa:pameθehmwa:",
      "I see you.PL"
    ],
    [
      "newa:pama:ehma",
      "I see (him/her)"
    ],
    [
      "newa:pama:ehmaki",
      "I see them"
    ],
    [
      "kewa:pameθehmwa:ena:n",
      "we.PL2 see you.PL"
    ],
    [
      "newa:pama:ehmena:na",
      "we.PL2 see (him/her)"
    ],
    [
      "kewa:pamiehm",
      "you.SG see me"
    ],
    [
      "kewa:pama:ehm",
      "you.SG see (him/her)"
    ],
    [
      "kewa:pamiehmwa:",
      "you.PL see me"
    ],
    [
      "kewa:pamiehmwa:ena:n",
      "you.PL see us.PL2-"
    ],
    [
      "newa:pamekwehmena:naki",
      "they see us.PL2"
    ]
  ],
  "test": [
    [
      "kewa:pamiehmena:n",
      "translate \"kewa:pamiehmena:n\" into english.",
      ">"
    ],
    [
      "we.PL1 see you",
      "we.PL2 see them",
      "<"
    ],
    [
      "",
      "they see me",
      "<"
    ]
  ]
}