{
  "source_language": "copainalá zoque",
  "target_language": "english",
  "meta": "Λ ≈ u in but; c ≈ ts in hats (pronounced as a single consonant), nc ≈ nds in hands, ˇs = sh, ŋ = ng in hang, y = y in yay!; ʔ is a specific consonant (the so-called glottal stop).",
  "train": [
    [
      "mis nakpatpit",
      "with your cactus"
    ],
    [
      "nakpat",
      "a cactus"
    ],
    [
      "mokpittih",
      "only with the corn"
    ],
    [
      "pokskukyΛsmΛtaʔm",
      "above the chairs"
    ],
    [
      "pokskuy",
      "a chair"
    ],
    [
      "peroltih",
      "only a kettle"
    ],
    [
      "kocΛktaʔm",
      "mountains"
    ],
    [
      "komgΛsmΛtih",
      "right above the post"
    ],
    [
      "ʔΛs ŋgom",
      "my post"
    ],
    [
      "kΛmΛŋbitˇseh",
      "as if with the shadow"
    ],
    [
      "kΛmΛŋdaʔm",
      "shadows"
    ],
    [
      "ʔΛs ncapkΛsmΛˇseh",
      "as if above my sky"
    ],
    [
      "capˇseh",
      "like a sky"
    ],
    [
      "pahsungotoya",
      "for the squash"
    ],
    [
      "pahsunˇsehtaʔmdih",
      "just like squashes"
    ],
    [
      "tΛckotoyatih",
      "only for the tooth"
    ],
    [
      "kumgukyΛsmΛ",
      "above the town"
    ],
    [
      "kumgukyotoyataʔm",
      "for the towns"
    ],
    [
      "cakyotoya",
      "for the vine"
    ],
    [
      "mis ncay",
      "your vine"
    ]
  ],
  "test": [
    [
      "cakyΛsmΛtih",
      "your shadow",
      ">"
    ],
    [
      "kΛmΛŋˇseh",
      "like the shadows",
      ">"
    ],
    [
      "ʔΛs mok",
      "the only corn",
      ">"
    ],
    [
      "mis ndΛctaʔm",
      "with a cactus",
      ">"
    ],
    [
      "pahsunbit",
      "just like",
      ">"
    ],
    [
      "perolkotoyaˇsehtaʔm",
      "the kettle's vine",
      ">"
    ],
    [
      "pahsungotoya pokskuy",
      "for the chair",
      "<"
    ],
    [
      "mis ʔΛs peroltih",
      "with my kettle",
      "<"
    ],
    [
      "pahsunˇsehtaʔmdih kocΛktaʔm",
      "just like a mountain",
      "<"
    ],
    [
      "ŋgomataʔm",
      "posts",
      "<"
    ],
    [
      "pokskukyΛsmΛtaʔm kΛmΛŋdaʔm",
      "above the shadows",
      "<"
    ],
    [
      "ncay kumgukyΛsmΛ",
      "your town",
      "<"
    ]
  ]
}